{"K": [[[506.7154955414204, 0.0, 185.96959235470695], [0.0, 503.9702278215046, 134.5055933742299], [0.0, 0.0, 1.0]], [[470.36155328345336, 0.0, 113.05920779033232], [0.0, 473.5447994045122, 127.51505595307398], [0.0, 0.0, 1.0]], [[415.33621258993327, 0.0, 113.11157758132424], [0.0, 414.6641520391487, 124.36011596640944], [0.0, 0.0, 1.0]], [[530.0890933073948, 0.0, 116.69388755579212], [0.0, 531.5461887303096, 89.04310433700996], [0.0, 0.0, 1.0]], [[444.00748860934783, 0.0, 126.02800884604378], [0.0, 445.07423452459227, 140.12237052452627], [0.0, 0.0, 1.0]], [[489.88632089531137, 0.0, 145.838708545421], [0.0, 491.013980964186, 114.92839608972437], [0.0, 0.0, 1.0]], [[507.8902638367995, 0.0, 172.4751780024978], [0.0, 504.64614894304964, 82.50330656798666], [0.0, 0.0, 1.0]], [[485.6071262886389, 0.0, 171.0694591073266], [0.0, 483.0364255235665, 89.39220971384465], [0.0, 0.0, 1.0]]], "M": [[[1.0, -5.843483647768012e-19, -2.254432069137037e-18, 0.0], [1.556741020989906e-19, 1.0000000000000002, 1.1957347313344458e-18, 0.0], [1.2131471834847736e-18, 4.6651816832880606e-18, 1.0, 0.0], [0.0, 0.0, 0.0, 1.0]], [[0.4511907598271866, 0.09031729707281165, -0.8878455294115231, 0.6296388776856595], [-0.09192602693865924, 0.9942771872608953, 0.05442867317724041, -0.036967264347575926], [0.8876804063500775, 0.057058397646827186, 0.4569111898828235, 0.3786096661973118], [0.0, 0.0, 0.0, 1.0]], [[-0.9427769801776428, -0.3243607797760433, 0.07721172313970094, -0.14162346084321878], [-0.32649066204616034, 0.8510995014894122, -0.41113682170432464, 0.26736487621112726], [0.0676418010093208, -0.41281923781184277, -0.9082977835757747, 1.211082502032259], [0.0, 0.0, 0.0, 1.0]], [[-0.97777524005918, -0.1922452549191574, 0.0836501158892252, -0.16547066677685568], [-0.18288643037165414, 0.9771808834878353, 0.10802811917203371, -0.03437358301792292], [-0.10250918745715766, 0.09032874906142142, -0.9906223213616134, 1.3395306551604051], [0.0, 0.0, 0.0, 1.0]], [[-0.38558500661062056, 0.345046580290748, 0.8557260426718053, -0.6210954402544154], [-0.2242439015224578, 0.8645906656257474, -0.4496639340027326, 0.26569671079580987], [-0.8950077515346297, -0.3652750174081002, -0.25599860614940534, 0.757583912291641], [0.0, 0.0, 0.0, 1.0]], [[-0.30490819029351174, 0.39084147734411023, 0.8684894559402601, -0.6445639402148545], [0.2214932655637624, 0.9160097059915202, -0.3344651728345262, 0.2542346383164434], [-0.9262676334633719, 0.09038339513872146, -0.3658676168798785, 0.8962349109911579], [0.0, 0.0, 0.0, 1.0]], [[0.39350365270883264, -0.33159220122843175, -0.8574389117536532, 0.5155799176210463], [-0.7293412679885296, 0.4551892553256191, -0.510748525837316, 0.33713070492231], [0.5596572076849269, 0.8263469936537503, -0.06272524185460751, 0.815444844385183], [0.0, 0.0, 0.0, 1.0]], [[0.9687506672990809, 0.21882267423301202, 0.11678519533356538, -0.07961292461727412], [-0.031262828138494306, 0.5748048520024446, -0.8176931072787826, 0.5970598601374555], [-0.24605848935643096, 0.7884897078313459, 0.5636835996014697, 0.3668306668818633], [0.0, 0.0, 0.0, 1.0]]]}