{"00000050": {"poses": [[1.1163244247436523, -0.4133753776550293, 1.1320470571517944, 0.011635902337729931, 0.0972762331366539, -0.09621129930019379, -0.05738207697868347, 0.012228814885020256, -1.061955451965332, 0.06481730192899704, -0.1421651691198349, -0.543773889541626, 0.4863221049308777, 0.07870412617921829, -0.46869102120399475, -0.11948511749505997, -0.12389569729566574, -0.8511245846748352, 0.06689291447401047, -7.24353376426734e-05, -0.523289144039154, 0.887333333492279, -0.32521355152130127, -0.5320296883583069, 0.231190487742424, -0.31981685757637024, -0.5568904280662537, 0.3021015524864197, 0.037667885422706604, -0.4927135109901428, 0.5774011611938477, -0.158005490899086, -0.6401193141937256, 0.14988058805465698, -0.17530135810375214, -0.9473096132278442, 0.1420300006866455, -0.004125268664211035, -0.5246456861495972, -0.3894902169704437, 0.3615042269229889, -0.18897131085395813, -0.1650567650794983, 0.1406259685754776, 0.09828361123800278, -0.18203167617321014, 0.20593184232711792, -0.20401228964328766]], "betas": [[0.5941674113273621, 0.22154739499092102, -1.2399046421051025, -0.26071831583976746, -0.7541052103042603, -0.6283034682273865, -0.2131681889295578, 0.00978617463260889, 0.42446649074554443, 0.390499472618103]], "global_t": [[[-0.15575239062309265, 0.012572712264955044, 0.7279917597770691]]], "cam_intrinsics": [[476.4638241658132, 0.0, 183.78235301014732], [0.0, 473.8824530261909, 134.27640372004703], [0.0, 0.0, 1.0]], "cam_extrinsics": [[1.0, -5.843483647768012e-19, -2.254432069137037e-18, 0.0], [1.556741020989906e-19, 1.0000000000000002, 1.1957347313344458e-18, 0.0], [1.2131471834847736e-18, 4.6651816832880606e-18, 1.0, 0.0], [0.0, 0.0, 0.0, 1.0]]}, "00000088": {"poses": [[0.4566298723220825, -0.6854198575019836, 0.6654699444770813, 0.2642349302768707, -0.009711132384836674, -0.37613359093666077, -0.21995612978935242, 0.020103009417653084, -0.8598641157150269, 0.4433133900165558, -0.10128592699766159, -0.2750191390514374, 0.4895528554916382, 0.06853647530078888, -0.4011220932006836, 0.2695257365703583, -0.03874412551522255, -0.5785400867462158, 0.09460295736789703, 0.04927041381597519, -0.5504822731018066, 0.13223685324192047, 0.33206212520599365, 0.060657210648059845, 0.5460054874420166, -0.365800142288208, -0.26267436146736145, -0.09893686324357986, -0.007801770698279142, -0.8078929781913757, 0.22470910847187042, -0.04873306676745415, -0.18363933265209198, 0.06764169782400131, -0.1533859223127365, -0.7657387256622314, 0.17125427722930908, 0.05726860836148262, -0.631599485874176, 0.2778083384037018, 0.25040802359580994, -0.19098316133022308, -0.6248229146003723, 0.05867478996515274, -0.024138297885656357, 0.209975928068161, 0.24692711234092712, -0.5085501670837402]], "betas": [[1.2351700067520142, -0.7143436670303345, -1.0786073207855225, 0.033310674130916595, -1.0237704515457153, -0.7346638441085815, -0.6654863357543945, 0.935851514339447, 0.17211176455020905, 0.6025769710540771]], "global_t": [[[-0.12953107059001923, 0.03153969720005989, 0.7068039178848267]]], "cam_intrinsics": [[509.4107907304705, 0.0, 176.23538805872136], [0.0, 506.6509205226828, 118.54019759430561], [0.0, 0.0, 1.0]], "cam_extrinsics": [[1.0, -5.843483647768012e-19, -2.254432069137037e-18, 0.0], [1.556741020989906e-19, 1.0000000000000002, 1.1957347313344458e-18, 0.0], [1.2131471834847736e-18, 4.6651816832880606e-18, 1.0, 0.0], [0.0, 0.0, 0.0, 1.0]]}, "00000089": {"poses": [[0.27439427375793457, -0.7298724055290222, 0.563348114490509, 0.4748564064502716, -0.011736963875591755, -0.3671431541442871, -0.21862240135669708, 0.021851837635040283, -0.8830453157424927, 0.4476609230041504, -0.14544138312339783, -0.22485387325286865, 0.21895626187324524, 0.0939713642001152, -0.26942509412765503, 0.04322991892695427, -0.10276056081056595, -0.5491276383399963, 0.062466807663440704, 0.13864867389202118, -0.6225153207778931, -0.22446700930595398, 0.3348426818847656, 0.251480370759964, 0.5266087055206299, -0.33492520451545715, -0.2075289636850357, -0.15795794129371643, -0.06812422722578049, -0.9926247000694275, 0.05376589298248291, -0.005638821981847286, 0.0005392482271417975, -0.14834937453269958, -0.11181800067424774, -0.8222458362579346, -0.09396341443061829, 0.09986445307731628, -0.6153040528297424, 0.3440299928188324, 0.15413735806941986, -0.22658023238182068, -0.6449790596961975, 0.05886125564575195, -0.11036746203899384, 0.31354033946990967, 0.3020891845226288, -0.6297174692153931]], "betas": [[1.05266535282135, -0.30764004588127136, -1.5653470754623413, -0.1240897849202156, -1.2990634441375732, -1.0987128019332886, -0.7404903173446655, 0.7753875851631165, 0.4482821822166443, 1.033215880393982]], "global_t": [[[-0.13252003490924835, 0.03827432915568352, 0.7066434025764465]]], "cam_intrinsics": [[512.1349126060345, 0.0, 184.36498906438294], [0.0, 509.36028373403406, 110.78907565630723], [0.0, 0.0, 1.0]], "cam_extrinsics": [[1.0, -5.843483647768012e-19, -2.254432069137037e-18, 0.0], [1.556741020989906e-19, 1.0000000000000002, 1.1957347313344458e-18, 0.0], [1.2131471834847736e-18, 4.6651816832880606e-18, 1.0, 0.0], [0.0, 0.0, 0.0, 1.0]]}, "00000090": {"poses": [[0.06628692150115967, -0.8269422650337219, 0.4478793442249298, 0.516758382320404, -0.018820833414793015, -0.39813581109046936, -0.31730055809020996, 0.08494485169649124, -0.8748299479484558, 0.34961724281311035, -0.22870276868343353, -0.11970087885856628, -0.1645609736442566, 0.09204351902008057, -0.09750642627477646, -0.08645625412464142, -0.36097705364227295, -0.6462727785110474, 0.23884829878807068, 0.17432983219623566, -0.6882948279380798, -0.6357371807098389, 0.15038681030273438, 0.8668458461761475, 0.9202567338943481, -0.17482244968414307, 0.006570522673428059, -0.4560621678829193, -0.2543240785598755, -1.0856742858886719, -0.08786755055189133, -0.07692258059978485, 0.5407968163490295, -0.13579882681369781, -0.03145991265773773, -0.920845627784729, -0.09593112766742706, 0.10974821448326111, -0.5570060014724731, 0.42843833565711975, 0.08135519921779633, -0.21068698167800903, -0.8527644872665405, 0.14084723591804504, -0.029943982139229774, 0.3347850739955902, 0.24472028017044067, -0.674603283405304]], "betas": [[0.96370929479599, 0.3870917856693268, -1.8432270288467407, -0.4333021640777588, -1.4789375066757202, -1.609643816947937, -1.4320913553237915, 1.3133457899093628, 0.7978290319442749, 1.2761605978012085]], "global_t": [[[-0.13820640742778778, 0.04439893737435341, 0.7056536674499512]]], "cam_intrinsics": [[501.40957412213857, 0.0, 184.02226678031212], [0.0, 498.69305266107, 110.22804789387149], [0.0, 0.0, 1.0]], "cam_extrinsics": [[1.0, -5.843483647768012e-19, -2.254432069137037e-18, 0.0], [1.556741020989906e-19, 1.0000000000000002, 1.1957347313344458e-18, 0.0], [1.2131471834847736e-18, 4.6651816832880606e-18, 1.0, 0.0], [0.0, 0.0, 0.0, 1.0]]}, "00000091": {"poses": [[-0.06120613217353821, -0.89698326587677, 0.4469687342643738, 0.4413378834724426, 0.028600014746189117, -0.35823488235473633, -0.2438068985939026, 0.0592738501727581, -0.837861180305481, 0.48402926325798035, -0.19195616245269775, -0.022204475477337837, -0.1037769764661789, -0.009992520324885845, 0.16830021142959595, -0.16602128744125366, -0.30210593342781067, -0.4815528690814972, 0.1954549103975296, 0.3024432063102722, -0.7256275415420532, -0.7049154043197632, 0.21776409447193146, 0.9911392331123352, 0.7547999024391174, -0.16010184586048126, 0.12967883050441742, -0.43614253401756287, -0.27397194504737854, -0.9499387741088867, -0.15014685690402985, 0.00829119049012661, 0.8446529507637024, -0.1656246930360794, -0.03597528487443924, -0.7896255254745483, 0.04816077649593353, -0.16543182730674744, -0.43264129757881165, 0.5648790001869202, 0.009273010306060314, -0.23959530889987946, -1.0236425399780273, 0.21732178330421448, 0.01821708120405674, 0.38266536593437195, 0.2935548424720764, -0.8846743702888489]],